patient_reference,age,sex,dob,province,insurance_reference,synthetic_demo
P0001,80,F,1952-09-06T08:15:30Z,Da Nang,BHYT-4733655,true
P0002,9,F,1959-07-12T08:15:30Z,Can Tho,BHYT-8893934,true
P0003,51,F,1983-10-30T08:15:30Z,Can Tho,BHYT-4902281,true
P0004,27,M,2009-11-16T08:15:30Z,Da Nang,BHYT-4346537,true
P0005,68,F,1990-11-06T08:15:30Z,Ho Chi Minh City,BHYT-3870438,true
P0006,36,F,1955-04-06T08:15:30Z,Can Tho,BHYT-1663403,true
P0007,64,M,1994-05-30T08:15:30Z,Hanoi,BHYT-4277711,true
P0008,42,M,1966-06-16T08:15:30Z,Da Nang,BHYT-7815904,true
P0009,78,M,1963-06-23T08:15:30Z,Ho Chi Minh City,BHYT-6335684,true
P0010,34,F,1964-04-13T08:15:30Z,Can Tho,BHYT-2668645,true
P0011,71,F,1954-10-05T08:15:30Z,Hanoi,BHYT-2572693,true
P0012,59,M,1958-06-12T08:15:30Z,Hanoi,BHYT-1619872,true
P0013,72,M,1962-07-11T08:15:30Z,Ho Chi Minh City,BHYT-5742566,true
P0014,24,F,1960-01-05T08:15:30Z,Ho Chi Minh City,BHYT-8559125,true
P0015,59,M,1971-11-25T08:15:30Z,Da Nang,BHYT-6223943,true
P0016,40,M,2009-05-15T08:15:30Z,Ho Chi Minh City,BHYT-9226823,true
P0017,5,M,1973-06-08T08:15:30Z,Da Nang,BHYT-8899270,true
P0018,78,M,2002-12-30T08:15:30Z,Da Nang,BHYT-9865141,true
P0019,46,F,1988-08-24T08:15:30Z,Ho Chi Minh City,BHYT-7989993,true
P0020,53,M,1965-10-25T08:15:30Z,Ho Chi Minh City,BHYT-5088939,true
